sheet,excel_row,品名,状態,管理No,保管場所(セル値),保管場所(結合補完),結合元,棚卸数(F),棚卸数2026/1/6(G),G結合補完,備考,I列(ヘッダなし)
シート1,4,デスクトップ本体,中古,NKC：0006,トイレ横ラック,トイレ横ラック,,1,,,,
シート1,5,デスクトップ本体,中古,NKC：0002,トイレ横ラック,トイレ横ラック,,1,,,,
シート1,6,ファン,中古,,トイレ横ラック,トイレ横ラック,,1,,,,
シート1,7,有線マウス,中古,,ラック上から2段目一番右箱,ラック上から2段目一番右箱,E7:E25,3,6,6,ラック上から2段目一番右のかご,
シート1,8,有線マウス,新品,,,ラック上から2段目一番右箱,E7:E25,2,4,4,,
シート1,9,無線マウス,中古,,,ラック上から2段目一番右箱,E7:E25,5,4,4,,
シート1,10,無線マウス,新品,,,ラック上から2段目一番右箱,E7:E25,1,3,3,,
シート1,11,BUFFALO PortableHD,中古,,,ラック上から2段目一番右箱,E7:E25,1,,,,
シート1,12,CD-R,新品,,,ラック上から2段目一番右箱,E7:E25,2,1,1,,
シート1,13,CD-R,中古,,,ラック上から2段目一番右箱,E7:E25,1,1,1,,
シート1,14,NFC/Felicaリーダー,中古,,,ラック上から2段目一番右箱,E7:E25,2,,,,
シート1,15,NFC/Felicaリーダー,新品,,,ラック上から2段目一番右箱,E7:E25,,1,1,,
シート1,16,外付けテンキー,新品,,,ラック上から2段目一番右箱,E7:E25,1,1,1,,
シート1,17,外付けDVDリーダー,中古,,,ラック上から2段目一番右箱,E7:E25,1,1,1,,
シート1,18,HDD,中古,,,ラック上から2段目一番右箱,E7:E25,1,1,1,,
シート1,19,A to Bケーブル,中古,,,ラック上から2段目一番右箱,E7:E25,1,,,,
シート1,20,LAN→変換,中古,,,ラック上から2段目一番右箱,E7:E25,1,,,,
シート1,21,骨伝導イヤホン,中古,,,ラック上から2段目一番右箱,E7:E25,1,,,,
シート1,22,A to Cケーブル,中古,,,ラック上から2段目一番右箱,E7:E25,1,,,,
シート1,23,microSD→SD変換,中古,,,ラック上から2段目一番右箱,E7:E25,1,,,,
シート1,24,切り替え器,中古,,,ラック上から2段目一番右箱,E7:E25,1,1,1,4台接続可能,
シート1,25,Anker PowerExpand+7-in1 USB-C PD イーサネット ハブ,中古,,,ラック上から2段目一番右箱,E7:E25,1,,,,
シート1,26,クローンＨＤＤスタンド,中古,,ラック上から2段目右から2番目箱,ラック上から2段目右から2番目箱,E26:E33,1,1,1,,
シート1,27,BUFFALO　ポータブルハードディスク,中古,,,ラック上から2段目右から2番目箱,E26:E33,1,,,,
シート1,28,I-O DATA SSD,中古,,,ラック上から2段目右から2番目箱,E26:E33,1,,,,
シート1,29,デジタルテスター,中古,,,ラック上から2段目右から2番目箱,E26:E33,1,1,1,,
シート1,30,ＬＡＮケーブルテスター,中古,,,ラック上から2段目右から2番目箱,E26:E33,1,1,1,,
シート1,31,TP-link 無線ＬＡＮルーター,中古,,,ラック上から2段目右から2番目箱,E26:E33,1,1,1,,
シート1,32,テスター棒用ワニ口クリップ,中古,,,ラック上から2段目右から2番目箱,E26:E33,1,1,1,,
シート1,33,スピーカーみたいなマイク,中古,,,ラック上から2段目右から2番目箱,E26:E33,1,1,1,,
シート1,34,恵会眠りSCAN用無線ＡＰ予備,中古,238,ラック上から2段目右から3番目箱,ラック上から2段目右から3番目箱,E34:E38,1,1,1,,
シート1,35,恵会眠りSCAN用無線ＡＰ予備,中古,239,,ラック上から2段目右から3番目箱,E34:E38,1,1,1,,
シート1,36,恵会眠りSCAN用PoEスイッチラック固定用あまり,中古,,,ラック上から2段目右から3番目箱,E34:E38,1,1,1,,
シート1,37,Latitude 5490 交換済みバッテリー,中古,,,ラック上から2段目右から3番目箱,E34:E38,1,1,1,,
シート1,38,中継器,中古,,,ラック上から2段目右から3番目箱,E34:E38,1,,,永和会から回収したもの,
シート1,39,8口HUB,中古,,ラック上から2段目右から４番目箱,ラック上から2段目右から４番目箱,E39:E47,1,1,1,,
シート1,40,8口HUB,新品,,,ラック上から2段目右から４番目箱,E39:E47,2,4,4,,
シート1,41,5口HUB,中古,,,ラック上から2段目右から４番目箱,E39:E47,3,2,2,,
シート1,42,5口HUB,新品,,,ラック上から2段目右から４番目箱,E39:E47,1,4,4,,
シート1,43,エンビパイプカッター,中古,,,ラック上から2段目右から４番目箱,E39:E47,1,1,1,,
シート1,44,REMOTE CABLE TESTER,中古,,,ラック上から2段目右から４番目箱,E39:E47,1,1,1,,
シート1,45,LANケーブル　先の部分（青）,新品,,,ラック上から2段目右から４番目箱,E39:E47,38,,,,
シート1,46,LANケーブル　先の部分（透明）,新品,,,ラック上から2段目右から４番目箱,E39:E47,89,,,,
シート1,47,LANケーブルカッター,中古,,,ラック上から2段目右から４番目箱,E39:E47,1,1,1,,
シート1,48,I-O DATA ディスプレイモニター,中古,,ラック上から3段目,ラック上から3段目,,1,,,,
シート1,49,WiFi Access Point（Meraki）,中古,,ラック上から3段目右箱,ラック上から3段目右箱,E49:E56,1,,,,
シート1,50,Magic Keybord（小）,中古,,,ラック上から3段目右箱,E49:E56,1,,,,
シート1,51,Magic Keybord（大）,中古,,,ラック上から3段目右箱,E49:E56,1,,,,
シート1,52,無線キーボート（MagicKeybord除く）,中古,,,ラック上から3段目右箱,E49:E56,1,6,6,不良（キーボード外れ）１台あり,
シート1,53,Meraki 備品セット,中古,,,ラック上から3段目右箱,E49:E56,1,1,1,,
シート1,54,有線キーボード,中古,,,ラック上から3段目右箱,E49:E56,1,17,17,,
シート1,55,有線キーボード,新品,,,ラック上から3段目右箱,E49:E56,2,3,3,,
シート1,56,Meraki Go電源ケーブル,新品,,,ラック上から3段目右箱,E49:E56,2,,,PoEのもので使用しないため10→2に減らす　2025.12.26,
シート1,57,ケーブル配線保護カバー（LEOCASLET）,,,ラック上から3段目左箱,ラック上から3段目左箱,E57:E59,5,,,,
シート1,58,ケーブルカバー（Hiding Cables）,,,,ラック上から3段目左箱,E57:E59,3,3,3,,
シート1,59,配線カバーマジックテープ,中古,,,ラック上から3段目左箱,E57:E59,2,2,2,,
シート1,60,SSDケース（AOTECH）,中古,,トイレ横ラック,トイレ横ラック,E60:E67,1,1,1,,
シート1,61,mac mini,中古,,,トイレ横ラック,E60:E67,1,1,1,,
シート1,62,一体型デスクトップ,中古,,,トイレ横ラック,E60:E67,1,,,,
シート1,63,スキャンスナップＳ300,中古,,,トイレ横ラック,E60:E67,1,1,1,,
シート1,64,ＡＴＫ電源ユニット（保証書類のみ）,,NKC002,,トイレ横ラック,E60:E67,1,,,,
シート1,65,プロジェクターＧＤＰ１Ｗ,,,,トイレ横ラック,E60:E67,1,1,1,,
シート1,66,プロジェクター布,,,,トイレ横ラック,E60:E67,1,,,,
シート1,67,mac book Air,,NKC-OZAKI,,トイレ横ラック,E60:E67,1,,,20260916　森　　在庫棚,
シート1,68,HDMI,,,トイレ横,トイレ横,,21,4,4,,
シート1,69,LANケーブル(大),,,,,,16,25,25,,
シート1,70,LANケーブル(小),,,,,,25,22,22,,
シート1,71,Displayケーブル,,,,,,10,,,,
シート1,72,Display電源ケーブル,,,,,,5,13,13,,
シート1,73,,,,,,,2,,13,,
シート1,74,Cタイプケーブル,,,,,,1,1,1,,
シート1,75,USB C タイプケーブル,,,,,,2,,,,
シート1,76,ノート電源ケーブルNEC,,,,,,1,,,,
シート1,77,アナログケーブル　USB,,,,,,4,5,5,,
シート1,78,延長ケーブル(4口),,,,,,0,1,1,大村さんの机で使用中(設定作業の電源口数を増やすため),
シート1,79,延長ケーブル(6口),,,,,,1,,,,
シート1,80,延長ケーブル(7口),,,,,,,1,1,,
シート1,81,延長ケーブル(10口),新品,,,,,3,3,3,,
シート1,82,延長ケーブル(10口),中古,,,,,1,1,1,,
シート1,83,IEC電源タップ(4口),中古,,,,,3,3,3,,
シート1,84,デジタル to デジタルケーブル,,,,,,1,,,,
シート1,85,音声ケーブル,,,,,,5,4,4,,
シート1,86,電話線,,,,,,11,10,10,,
シート1,87,電話線アダプタ,,,,,,,1,1,,
シート1,88,電話　分配ケーブル,,,,,,,1,1,,
シート1,89,三口変換コネクタ,,,,,,11,14,14,,
シート1,90,ノート電源ケーブルPhilips,,,,,,0,,,,
シート1,91,Displayケーブル to HDMI　変換ケーブル,新品,,,,,1,,,,
シート1,92,ヘッドセット,中古,,ラック一番上,ラック一番上,,5,5,5,スペシャルマッチ等で使用,
シート1,93,マウス（Lenovo）,新品,,ラック上から2段目一番左,ラック上から2段目一番左,,28,,,永和会様PC仕入時の特典,
シート1,94,マウス（Lenovo）,新品,,ラック上から2段目一番左,ラック上から2段目一番左,,3,,,腎愛会様PC仕入時の特典,
シート1,95,キーボード（Ｄｅｌｌ）,新品,,ラック上から3段目中央,ラック上から3段目中央,,3,,,腎愛会様PC仕入時の特典,
シート1,96,マウス（NEC）,新品,,ラック上から2段目一番左,ラック上から2段目一番左,,3,,,腎愛会様PC仕入時の特典,
シート1,97,キーボード（NEC）,新品,,ラック上から3段目中央,ラック上から3段目中央,,3,,,腎愛会様PC仕入時の特典,
シート1,98,無線ルーター（buffalo,中古,,ラック上から2段目一番左,ラック上から2段目一番左,,1,,,エミフル様機器入替分,
シート1,99,Display to Mini Display,新品,,,,,19,19,19,ディスプレイ端子⇔ミニディスプレイ端子,井上新規記載【70のDisplayケーブルのこと？】
シート1,100,USB B タイプケーブル,中古,,,,,1,,,,井上新規記載
シート1,101,USBーA延長,中古,,,,,1,,,,井上新規記載
シート1,102,Cタイプケ変換,中古,,,,,,5,5,,
シート1,103,ACアダプタ：TOSHIBA PA3755U,中古,,,,,,1,1,,
シート1,104,ACアダプタ：TOSHIBA PA3714U,中古,,,,,,1,1,,
シート1,105,ACアダプタ：HYT-1207000,中古,,,,,,8,8,,
シート1,106,ACアダプタ：DEL HKA65NM201,中古,,,,,,1,1,,
シート1,107,ACアダプタ：DEL HA65NS5-00,中古,,,,,,1,1,,
シート1,108,ACアダプタ：DEL LA45NN140,中古,,,,,,1,1,,
シート1,109,ACアダプタ：ELECTRONICS,中古,,,,,,1,1,,
シート1,110,ACアダプタ：Lenovo ADLX45NCC2A,中古,,,,,,1,1,,
シート1,111,ACアダプタ：A12-040N2A,中古,,,,,,1,1,,
シート1,112,ACアダプタ：Canon K30359,中古,,,,,,1,1,,
シート1,113,ACアダプタ：J651-1903420DI,中古,,,,,,1,1,,
シート1,114,ハードディスクケース,中古,,,,,,6,6,,
客先備品余り等,5,恵会　ラック固定用器具,,,その他機器類,その他機器類,,数量有、要確認,,,,
客先備品余り等,6,恵会　眠りSCAN用 無線AP予備,10.1.40.235、10.11.40.238,,その他機器類,その他機器類,,2,,,,
